fare,parch,age,sibsp,C,Q,S,female,male,class_1,class_2,class_3
211.3375,0,29.0,0,0,0,1,1,0,1,0,0
151.55,2,0.9167,1,0,0,1,0,1,1,0,0
151.55,2,2.0,1,0,0,1,1,0,1,0,0
151.55,2,30.0,1,0,0,1,0,1,1,0,0
151.55,2,25.0,1,0,0,1,1,0,1,0,0
26.55,0,48.0,0,0,0,1,0,1,1,0,0
77.9583,0,63.0,1,0,0,1,1,0,1,0,0
0.0,0,39.0,0,0,0,1,0,1,1,0,0
51.4792,0,53.0,2,0,0,1,1,0,1,0,0
49.5042,0,71.0,0,1,0,0,0,1,1,0,0
227.525,0,47.0,1,1,0,0,0,1,1,0,0
227.525,0,18.0,1,1,0,0,1,0,1,0,0
69.3,0,24.0,0,1,0,0,1,0,1,0,0
78.85,0,26.0,0,0,0,1,1,0,1,0,0
30.0,0,80.0,0,0,0,1,0,1,1,0,0
25.925,0,29.8811345124283,0,0,0,1,0,1,1,0,0
247.5208,1,24.0,0,1,0,0,0,1,1,0,0
247.5208,1,50.0,0,1,0,0,1,0,1,0,0
76.2917,0,32.0,0,1,0,0,1,0,1,0,0
75.2417,0,36.0,0,1,0,0,0,1,1,0,0
52.5542,1,37.0,1,0,0,1,0,1,1,0,0
52.5542,1,47.0,1,0,0,1,1,0,1,0,0
30.0,0,26.0,0,1,0,0,0,1,1,0,0
227.525,0,42.0,0,1,0,0,1,0,1,0,0
221.7792,0,29.0,0,0,0,1,1,0,1,0,0
26.0,0,25.0,0,1,0,0,0,1,1,0,0
91.0792,0,25.0,1,1,0,0,0,1,1,0,0
91.0792,0,19.0,1,1,0,0,1,0,1,0,0
135.6333,0,35.0,0,0,0,1,1,0,1,0,0
26.55,0,28.0,0,0,0,1,0,1,1,0,0
35.5,0,45.0,0,0,0,1,0,1,1,0,0
31.0,0,40.0,0,1,0,0,0,1,1,0,0
164.8667,0,30.0,0,0,0,1,1,0,1,0,0
26.55,0,58.0,0,0,0,1,1,0,1,0,0
26.55,0,42.0,0,0,0,1,0,1,1,0,0
262.375,0,45.0,0,1,0,0,1,0,1,0,0
55.0,1,22.0,0,0,0,1,1,0,1,0,0
26.55,0,29.8811345124283,0,0,0,1,0,1,1,0,0
30.5,0,41.0,0,0,0,1,0,1,1,0,0
50.4958,0,48.0,0,1,0,0,0,1,1,0,0
39.6,0,29.8811345124283,0,1,0,0,0,1,1,0,0
27.7208,0,44.0,0,1,0,0,1,0,1,0,0
51.4792,0,59.0,2,0,0,1,1,0,1,0,0
76.2917,0,60.0,0,1,0,0,1,0,1,0,0
134.5,0,41.0,0,1,0,0,1,0,1,0,0
26.55,0,45.0,0,0,0,1,0,1,1,0,0
31.0,0,29.8811345124283,0,0,0,1,0,1,1,0,0
26.2875,0,42.0,0,0,0,1,0,1,1,0,0
27.4458,0,53.0,0,1,0,0,1,0,1,0,0
512.3292,1,36.0,0,1,0,0,0,1,1,0,0
512.3292,1,58.0,0,1,0,0,1,0,1,0,0
5.0,0,33.0,0,0,0,1,0,1,1,0,0
47.1,0,28.0,0,0,0,1,0,1,1,0,0
47.1,0,17.0,0,0,0,1,0,1,1,0,0
120.0,2,11.0,1,0,0,1,0,1,1,0,0
120.0,2,14.0,1,0,0,1,1,0,1,0,0
120.0,2,36.0,1,0,0,1,0,1,1,0,0
120.0,2,36.0,1,0,0,1,1,0,1,0,0
26.0,0,49.0,0,0,0,1,0,1,1,0,0
27.7208,0,29.8811345124283,0,1,0,0,1,0,1,0,0
78.85,0,36.0,1,0,0,1,0,1,1,0,0
78.85,0,76.0,1,0,0,1,1,0,1,0,0
61.175,0,46.0,1,0,0,1,0,1,1,0,0
61.175,0,47.0,1,0,0,1,1,0,1,0,0
53.1,0,27.0,1,0,0,1,0,1,1,0,0
53.1,0,33.0,1,0,0,1,1,0,1,0,0
262.375,0,36.0,0,1,0,0,1,0,1,0,0
86.5,0,30.0,0,0,0,1,1,0,1,0,0
29.7,0,45.0,0,1,0,0,0,1,1,0,0
55.0,1,29.8811345124283,0,0,0,1,1,0,1,0,0
0.0,0,29.8811345124283,0,0,0,1,0,1,1,0,0
136.7792,0,27.0,1,1,0,0,0,1,1,0,0
136.7792,0,26.0,1,1,0,0,1,0,1,0,0
151.55,0,22.0,0,0,0,1,1,0,1,0,0
52.0,0,29.8811345124283,0,0,0,1,0,1,1,0,0
25.5875,0,47.0,0,0,0,1,0,1,1,0,0
83.1583,1,39.0,1,1,0,0,1,0,1,0,0
83.1583,1,37.0,1,1,0,0,0,1,1,0,0
83.1583,2,64.0,0,1,0,0,1,0,1,0,0
25.7,0,55.0,2,0,0,1,1,0,1,0,0
26.55,0,29.8811345124283,0,0,0,1,0,1,1,0,0
71.0,1,70.0,1,0,0,1,0,1,1,0,0
71.0,2,36.0,0,0,0,1,1,0,1,0,0
26.55,1,64.0,1,0,0,1,1,0,1,0,0
71.2833,0,39.0,1,1,0,0,0,1,1,0,0
71.2833,0,38.0,1,1,0,0,1,0,1,0,0
26.55,0,51.0,0,0,0,1,0,1,1,0,0
30.5,0,27.0,0,0,0,1,0,1,1,0,0
151.55,0,33.0,0,0,0,1,1,0,1,0,0
52.0,0,31.0,1,0,0,1,0,1,1,0,0
52.0,2,27.0,1,0,0,1,1,0,1,0,0
57.0,0,31.0,1,0,0,1,0,1,1,0,0
57.0,0,17.0,1,0,0,1,1,0,1,0,0
81.8583,1,53.0,1,0,0,1,0,1,1,0,0
81.8583,2,4.0,0,0,0,1,0,1,1,0,0
81.8583,1,54.0,1,0,0,1,1,0,1,0,0
106.425,0,50.0,1,1,0,0,0,1,1,0,0
247.5208,1,27.0,1,1,0,0,1,0,1,0,0
106.425,0,48.0,1,1,0,0,1,0,1,0,0
39.6,0,48.0,1,1,0,0,1,0,1,0,0
56.9292,0,49.0,1,1,0,0,0,1,1,0,0
29.7,0,39.0,0,1,0,0,0,1,1,0,0
83.1583,1,23.0,0,1,0,0,1,0,1,0,0
227.525,0,38.0,0,1,0,0,1,0,1,0,0
78.2667,0,54.0,1,1,0,0,1,0,1,0,0
31.6792,0,36.0,0,1,0,0,1,0,1,0,0
221.7792,0,29.8811345124283,0,0,0,1,0,1,1,0,0
31.6833,0,29.8811345124283,0,0,0,1,1,0,1,0,0
110.8833,0,29.8811345124283,0,1,0,0,1,0,1,0,0
26.3875,0,36.0,0,0,0,1,0,1,1,0,0
27.75,0,30.0,0,1,0,0,0,1,1,0,0
263.0,2,24.0,3,0,0,1,1,0,1,0,0
263.0,2,28.0,3,0,0,1,1,0,1,0,0
263.0,2,23.0,3,0,0,1,1,0,1,0,0
263.0,2,19.0,3,0,0,1,0,1,1,0,0
263.0,4,64.0,1,0,0,1,0,1,1,0,0
263.0,4,60.0,1,0,0,1,1,0,1,0,0
56.9292,0,30.0,0,1,0,0,1,0,1,0,0
26.55,0,29.8811345124283,0,0,0,1,0,1,1,0,0
133.65,0,50.0,2,0,0,1,0,1,1,0,0
27.7208,0,43.0,1,1,0,0,0,1,1,0,0
133.65,0,29.8811345124283,1,0,0,1,1,0,1,0,0
49.5,2,22.0,0,1,0,0,1,0,1,0,0
79.2,1,60.0,1,1,0,0,0,1,1,0,0
79.2,1,48.0,1,1,0,0,1,0,1,0,0
0.0,0,29.8811345124283,0,0,0,1,0,1,1,0,0
53.1,0,37.0,1,0,0,1,0,1,1,0,0
53.1,0,35.0,1,0,0,1,1,0,1,0,0
38.5,0,47.0,0,0,0,1,0,1,1,0,0
211.5,0,35.0,0,1,0,0,1,0,1,0,0
59.4,1,22.0,0,1,0,0,1,0,1,0,0
59.4,1,45.0,0,1,0,0,1,0,1,0,0
79.2,0,24.0,0,1,0,0,0,1,1,0,0
89.1042,0,49.0,1,1,0,0,0,1,1,0,0
89.1042,0,29.8811345124283,1,1,0,0,1,0,1,0,0
34.6542,0,71.0,0,1,0,0,0,1,1,0,0
28.5,0,53.0,0,1,0,0,0,1,1,0,0
30.0,0,19.0,0,0,0,1,1,0,1,0,0
153.4625,1,38.0,0,0,0,1,0,1,1,0,0
153.4625,1,58.0,0,0,0,1,1,0,1,0,0
63.3583,1,23.0,0,1,0,0,0,1,1,0,0
63.3583,1,45.0,0,1,0,0,1,0,1,0,0
79.2,0,46.0,0,1,0,0,0,1,1,0,0
55.4417,0,25.0,1,1,0,0,0,1,1,0,0
55.4417,0,25.0,1,1,0,0,1,0,1,0,0
76.7292,0,48.0,1,1,0,0,0,1,1,0,0
76.7292,0,49.0,1,1,0,0,1,0,1,0,0
42.4,0,29.8811345124283,0,0,0,1,0,1,1,0,0
83.475,0,45.0,1,0,0,1,0,1,1,0,0
83.475,0,35.0,1,0,0,1,1,0,1,0,0
0.0,0,40.0,0,0,0,1,0,1,1,0,0
76.7292,0,27.0,0,1,0,0,0,1,1,0,0
30.0,0,29.8811345124283,0,0,0,1,0,1,1,0,0
83.1583,0,24.0,0,1,0,0,1,0,1,0,0
93.5,1,55.0,1,0,0,1,0,1,1,0,0
93.5,1,52.0,1,0,0,1,1,0,1,0,0
42.5,0,42.0,0,0,0,1,0,1,1,0,0
51.8625,0,29.8811345124283,0,0,0,1,0,1,1,0,0
50.0,0,55.0,0,0,0,1,0,1,1,0,0
57.9792,1,16.0,0,1,0,0,1,0,1,0,0
57.9792,1,44.0,0,1,0,0,1,0,1,0,0
77.9583,0,51.0,1,0,0,1,1,0,1,0,0
52.0,0,42.0,1,0,0,1,0,1,1,0,0
52.0,0,35.0,1,0,0,1,1,0,1,0,0
26.55,0,35.0,0,1,0,0,0,1,1,0,0
90.0,0,38.0,1,0,0,1,0,1,1,0,0
30.6958,0,29.8811345124283,0,1,0,0,0,1,1,0,0
90.0,0,35.0,1,0,0,1,1,0,1,0,0
80.0,0,38.0,0,0,0,0,1,0,1,0,0
28.7125,0,50.0,0,1,0,0,1,0,1,0,0
0.0,0,49.0,0,0,0,1,0,1,1,0,0
26.0,0,46.0,0,0,0,1,0,1,1,0,0
26.0,0,50.0,0,0,0,1,0,1,1,0,0
211.5,0,32.5,0,1,0,0,0,1,1,0,0
29.7,0,58.0,0,1,0,0,0,1,1,0,0
51.8625,0,41.0,1,0,0,1,0,1,1,0,0
51.8625,0,29.8811345124283,1,0,0,1,1,0,1,0,0
52.5542,0,42.0,1,0,0,1,0,1,1,0,0
52.5542,0,45.0,1,0,0,1,1,0,1,0,0
26.55,0,29.8811345124283,0,0,0,1,0,1,1,0,0
211.3375,0,39.0,0,0,0,1,1,0,1,0,0
25.9292,0,49.0,0,0,0,1,1,0,1,0,0
106.425,0,30.0,0,1,0,0,1,0,1,0,0
512.3292,0,35.0,0,1,0,0,0,1,1,0,0
27.7208,0,29.8811345124283,0,1,0,0,0,1,1,0,0
26.55,0,42.0,0,0,0,1,0,1,1,0,0
27.7208,0,55.0,0,1,0,0,1,0,1,0,0
39.4,1,16.0,0,0,0,1,1,0,1,0,0
39.4,1,51.0,0,0,0,1,1,0,1,0,0
30.0,0,29.0,0,0,0,1,0,1,1,0,0
77.9583,0,21.0,0,0,0,1,1,0,1,0,0
45.5,0,30.0,0,0,0,1,0,1,1,0,0
146.5208,0,58.0,0,1,0,0,1,0,1,0,0
211.3375,1,15.0,0,0,0,1,1,0,1,0,0
26.0,0,30.0,0,0,0,1,0,1,1,0,0
86.5,0,16.0,0,0,0,1,1,0,1,0,0
29.7,0,29.8811345124283,0,1,0,0,0,1,1,0,0
53.1,0,19.0,1,0,0,1,0,1,1,0,0
53.1,0,18.0,1,0,0,1,1,0,1,0,0
49.5042,0,24.0,0,1,0,0,1,0,1,0,0
75.2417,0,46.0,0,1,0,0,0,1,1,0,0
51.8625,0,54.0,0,0,0,1,0,1,1,0,0
26.2875,0,36.0,0,0,0,1,0,1,1,0,0
82.1708,0,28.0,1,1,0,0,0,1,1,0,0
82.1708,0,29.8811345124283,1,1,0,0,1,0,1,0,0
26.55,0,65.0,0,0,0,1,0,1,1,0,0
90.0,0,44.0,2,0,1,0,0,1,1,0,0
90.0,0,33.0,1,0,1,0,1,0,1,0,0
90.0,0,37.0,1,0,1,0,1,0,1,0,0
57.75,0,30.0,1,1,0,0,0,1,1,0,0
30.5,0,55.0,0,0,0,1,0,1,1,0,0
42.4,0,47.0,0,0,0,1,0,1,1,0,0
29.7,1,37.0,0,1,0,0,0,1,1,0,0
113.275,0,31.0,1,1,0,0,1,0,1,0,0
113.275,0,23.0,1,1,0,0,1,0,1,0,0
113.275,2,58.0,0,1,0,0,0,1,1,0,0
26.2833,2,19.0,0,0,0,1,1,0,1,0,0
26.0,0,64.0,0,0,0,1,0,1,1,0,0
108.9,0,39.0,0,1,0,0,1,0,1,0,0
25.7417,0,29.8811345124283,0,1,0,0,0,1,1,0,0
61.9792,1,22.0,0,1,0,0,1,0,1,0,0
61.9792,1,65.0,0,1,0,0,0,1,1,0,0
27.7208,0,28.5,0,1,0,0,0,1,1,0,0
0.0,0,29.8811345124283,0,0,0,1,0,1,1,0,0
28.5,0,45.5,0,0,0,1,0,1,1,0,0
93.5,0,23.0,0,0,0,1,0,1,1,0,0
66.6,0,29.0,1,0,0,1,0,1,1,0,0
66.6,0,22.0,1,0,0,1,1,0,1,0,0
108.9,0,18.0,1,1,0,0,0,1,1,0,0
108.9,0,17.0,1,1,0,0,1,0,1,0,0
93.5,0,30.0,0,0,0,1,1,0,1,0,0
30.5,0,52.0,0,0,0,1,0,1,1,0,0
52.0,0,47.0,0,0,0,1,0,1,1,0,0
83.1583,1,56.0,0,1,0,0,1,0,1,0,0
0.0,0,38.0,0,0,0,1,0,1,1,0,0
39.6,0,29.8811345124283,0,0,0,1,0,1,1,0,0
135.6333,0,22.0,0,1,0,0,0,1,1,0,0
227.525,0,29.8811345124283,0,1,0,0,0,1,1,0,0
211.3375,1,43.0,0,0,0,1,1,0,1,0,0
50.4958,0,31.0,0,0,0,1,0,1,1,0,0
26.55,0,45.0,0,0,0,1,0,1,1,0,0
50.0,0,29.8811345124283,0,0,0,1,0,1,1,0,0
27.7208,0,33.0,0,1,0,0,1,0,1,0,0
79.2,0,46.0,0,1,0,0,0,1,1,0,0
40.125,0,36.0,0,1,0,0,0,1,1,0,0
86.5,0,33.0,0,0,0,1,1,0,1,0,0
59.4,0,55.0,1,1,0,0,0,1,1,0,0
59.4,0,54.0,1,1,0,0,1,0,1,0,0
26.55,0,33.0,0,0,0,1,0,1,1,0,0
262.375,2,13.0,2,1,0,0,0,1,1,0,0
262.375,2,18.0,2,1,0,0,1,0,1,0,0
262.375,2,21.0,2,1,0,0,1,0,1,0,0
262.375,3,61.0,1,1,0,0,0,1,1,0,0
262.375,3,48.0,1,1,0,0,1,0,1,0,0
30.5,0,29.8811345124283,0,0,0,1,0,1,1,0,0
69.3,0,24.0,0,1,0,0,1,0,1,0,0
26.0,0,29.8811345124283,0,0,0,1,0,1,1,0,0
57.75,0,35.0,1,1,0,0,1,0,1,0,0
31.0,0,30.0,0,1,0,0,1,0,1,0,0
26.55,0,34.0,0,0,0,1,0,1,1,0,0
153.4625,0,40.0,0,0,0,1,1,0,1,0,0
26.2875,0,35.0,0,0,0,1,0,1,1,0,0
55.9,0,50.0,1,0,0,1,0,1,1,0,0
55.9,0,39.0,1,0,0,1,1,0,1,0,0
35.5,0,56.0,0,1,0,0,0,1,1,0,0
35.5,0,28.0,0,0,0,1,0,1,1,0,0
26.55,0,56.0,0,0,0,1,0,1,1,0,0
30.6958,0,56.0,0,1,0,0,0,1,1,0,0
60.0,0,24.0,1,0,0,1,0,1,1,0,0
26.0,0,29.8811345124283,0,0,0,1,0,1,1,0,0
60.0,0,18.0,1,0,0,1,1,0,1,0,0
82.2667,0,24.0,1,0,0,1,0,1,1,0,0
82.2667,0,23.0,1,0,0,1,1,0,1,0,0
134.5,2,6.0,0,1,0,0,0,1,1,0,0
134.5,1,45.0,1,1,0,0,0,1,1,0,0
134.5,1,40.0,1,1,0,0,1,0,1,0,0
146.5208,0,57.0,1,1,0,0,0,1,1,0,0
146.5208,0,29.8811345124283,1,1,0,0,1,0,1,0,0
30.5,0,32.0,0,1,0,0,0,1,1,0,0
26.55,0,62.0,0,0,0,1,0,1,1,0,0
55.4417,0,54.0,1,1,0,0,0,1,1,0,0
55.4417,0,43.0,1,1,0,0,1,0,1,0,0
78.2667,0,52.0,1,1,0,0,1,0,1,0,0
27.7208,0,29.8811345124283,0,1,0,0,0,1,1,0,0
80.0,0,62.0,0,0,0,0,1,0,1,0,0
221.7792,0,67.0,1,0,0,1,0,1,1,0,0
221.7792,0,63.0,1,0,0,1,1,0,1,0,0
32.3208,0,61.0,0,0,0,1,0,1,1,0,0
25.9292,0,48.0,0,0,0,1,1,0,1,0,0
79.65,2,18.0,0,0,0,1,1,0,1,0,0
79.65,1,52.0,1,0,0,1,0,1,1,0,0
79.65,1,39.0,1,0,0,1,1,0,1,0,0
52.0,0,48.0,1,0,0,1,0,1,1,0,0
52.0,0,29.8811345124283,1,0,0,1,1,0,1,0,0
110.8833,1,49.0,1,1,0,0,0,1,1,0,0
110.8833,2,17.0,0,1,0,0,0,1,1,0,0
110.8833,1,39.0,1,1,0,0,1,0,1,0,0
79.2,0,29.8811345124283,0,1,0,0,1,0,1,0,0
28.5375,0,31.0,0,1,0,0,0,1,1,0,0
27.7208,0,40.0,0,1,0,0,0,1,1,0,0
33.5,0,61.0,0,0,0,1,0,1,1,0,0
34.0208,0,47.0,0,0,0,1,0,1,1,0,0
512.3292,0,35.0,0,1,0,0,1,0,1,0,0
75.25,0,64.0,1,1,0,0,0,1,1,0,0
75.25,0,60.0,1,1,0,0,1,0,1,0,0
26.55,0,60.0,0,0,0,1,0,1,1,0,0
77.2875,1,54.0,0,0,0,1,0,1,1,0,0
77.2875,1,21.0,0,0,0,1,0,1,1,0,0
135.6333,0,55.0,0,1,0,0,1,0,1,0,0
164.8667,2,31.0,0,0,0,1,1,0,1,0,0
164.8667,1,57.0,1,0,0,1,0,1,1,0,0
164.8667,1,45.0,1,0,0,1,1,0,1,0,0
211.5,1,50.0,1,1,0,0,0,1,1,0,0
211.5,2,27.0,0,1,0,0,0,1,1,0,0
211.5,1,50.0,1,1,0,0,1,0,1,0,0
26.55,0,21.0,0,0,0,1,1,0,1,0,0
61.3792,1,51.0,0,1,0,0,0,1,1,0,0
61.3792,1,21.0,0,1,0,0,0,1,1,0,0
35.0,0,29.8811345124283,0,0,0,1,0,1,1,0,0
134.5,0,31.0,0,1,0,0,1,0,1,0,0
35.5,0,29.8811345124283,0,0,0,1,0,1,1,0,0
26.55,0,62.0,0,0,0,1,0,1,1,0,0
135.6333,0,36.0,0,1,0,0,1,0,1,0,0
24.0,0,30.0,1,1,0,0,0,1,0,1,0
24.0,0,28.0,1,1,0,0,1,0,0,1,0
13.0,0,30.0,0,0,0,1,0,1,0,1,0
11.5,0,18.0,0,0,0,1,0,1,0,1,0
10.5,0,25.0,0,0,0,1,0,1,0,1,0
26.0,0,34.0,1,0,0,1,0,1,0,1,0
26.0,0,36.0,1,0,0,1,1,0,0,1,0
13.0,0,57.0,0,0,0,1,0,1,0,1,0
11.5,0,18.0,0,0,0,1,0,1,0,1,0
10.5,0,23.0,0,0,0,1,0,1,0,1,0
13.0,0,36.0,0,0,0,1,1,0,0,1,0
10.5,0,28.0,0,0,0,1,0,1,0,1,0
12.525,0,51.0,0,0,0,1,0,1,0,1,0
26.0,0,32.0,1,0,0,1,0,1,0,1,0
26.0,0,19.0,1,0,0,1,1,0,0,1,0
26.0,0,28.0,0,0,0,1,0,1,0,1,0
39.0,1,1.0,2,0,0,1,0,1,0,1,0
39.0,1,4.0,2,0,0,1,1,0,0,1,0
39.0,1,12.0,2,0,0,1,1,0,0,1,0
39.0,3,36.0,0,0,0,1,1,0,0,1,0
13.0,0,34.0,0,0,0,1,0,1,0,1,0
13.0,0,19.0,0,0,0,1,1,0,0,1,0
13.0,0,23.0,0,0,0,1,0,1,0,1,0
13.0,0,26.0,0,0,0,1,0,1,0,1,0
13.0,0,42.0,0,0,0,1,0,1,0,1,0
13.0,0,27.0,0,0,0,1,0,1,0,1,0
13.0,0,24.0,0,0,0,1,1,0,0,1,0
39.0,2,15.0,0,0,0,1,1,0,0,1,0
39.0,1,60.0,1,0,0,1,0,1,0,1,0
39.0,1,40.0,1,0,0,1,1,0,0,1,0
26.0,0,20.0,1,0,0,1,1,0,0,1,0
26.0,0,25.0,1,0,0,1,0,1,0,1,0
13.0,0,36.0,0,0,0,1,1,0,0,1,0
13.0,0,25.0,0,0,0,1,0,1,0,1,0
13.0,0,42.0,0,0,0,1,0,1,0,1,0
13.0,0,42.0,0,0,0,1,1,0,0,1,0
29.0,2,0.8333,0,0,0,1,0,1,0,1,0
29.0,1,26.0,1,0,0,1,0,1,0,1,0
29.0,1,22.0,1,0,0,1,1,0,0,1,0
21.0,0,35.0,0,0,0,1,1,0,0,1,0
0.0,0,29.8811345124283,0,0,0,1,0,1,0,1,0
13.0,0,19.0,0,0,0,1,0,1,0,1,0
26.0,0,44.0,1,0,0,1,1,0,0,1,0
26.0,0,54.0,1,0,0,1,0,1,0,1,0
13.5,0,52.0,0,0,0,1,0,1,0,1,0
26.0,0,37.0,1,0,0,1,0,1,0,1,0
26.0,0,29.0,1,0,0,1,1,0,0,1,0
30.0,1,25.0,1,0,0,1,1,0,0,1,0
30.0,2,45.0,0,0,0,1,1,0,0,1,0
26.0,0,29.0,1,0,0,1,0,1,0,1,0
26.0,0,28.0,1,0,0,1,1,0,0,1,0
10.5,0,29.0,0,0,0,1,0,1,0,1,0
13.0,0,28.0,0,0,0,1,0,1,0,1,0
10.5,0,24.0,0,0,0,1,0,1,0,1,0
26.25,2,8.0,0,0,0,1,1,0,0,1,0
26.25,1,31.0,1,0,0,1,0,1,0,1,0
26.25,1,31.0,1,0,0,1,1,0,0,1,0
10.5,0,22.0,0,0,0,1,1,0,0,1,0
13.0,0,30.0,0,0,0,1,1,0,0,1,0
21.0,0,29.8811345124283,0,0,0,1,1,0,0,1,0
11.5,0,21.0,0,0,0,1,0,1,0,1,0
0.0,0,29.8811345124283,0,0,0,1,0,1,0,1,0
36.75,1,8.0,1,0,0,1,0,1,0,1,0
73.5,0,18.0,0,0,0,1,0,1,0,1,0
36.75,2,48.0,0,0,0,1,1,0,0,1,0
13.0,0,28.0,0,0,0,1,1,0,0,1,0
13.0,0,32.0,0,0,0,1,0,1,0,1,0
73.5,0,17.0,0,0,0,1,0,1,0,1,0
27.7208,0,29.0,1,1,0,0,0,1,0,1,0
27.7208,0,24.0,1,1,0,0,1,0,0,1,0
31.5,0,25.0,0,0,0,1,0,1,0,1,0
73.5,0,18.0,0,0,0,1,0,1,0,1,0
23.0,1,18.0,0,0,0,1,1,0,0,1,0
23.0,1,34.0,0,0,0,1,1,0,0,1,0
26.0,0,54.0,0,0,0,1,0,1,0,1,0
32.5,2,8.0,0,0,0,1,0,1,0,1,0
32.5,1,42.0,1,0,0,1,0,1,0,1,0
32.5,1,34.0,1,0,0,1,1,0,0,1,0
13.8583,0,27.0,1,1,0,0,1,0,0,1,0
13.8583,0,30.0,1,1,0,0,1,0,0,1,0
13.0,0,23.0,0,0,0,1,0,1,0,1,0
13.0,0,21.0,0,0,0,1,0,1,0,1,0
13.0,0,18.0,0,0,0,1,0,1,0,1,0
26.0,0,40.0,1,0,0,1,0,1,0,1,0
26.0,0,29.0,1,0,0,1,1,0,0,1,0
10.5,0,18.0,0,0,0,1,0,1,0,1,0
13.0,0,36.0,0,0,0,1,0,1,0,1,0
0.0,0,29.8811345124283,0,0,0,1,0,1,0,1,0
13.0,0,38.0,0,0,0,1,1,0,0,1,0
26.0,0,35.0,0,0,0,1,0,1,0,1,0
21.0,0,38.0,1,0,0,1,0,1,0,1,0
21.0,0,34.0,1,0,0,1,0,1,0,1,0
13.0,0,34.0,0,0,0,1,1,0,0,1,0
26.0,0,16.0,0,0,0,1,0,1,0,1,0
10.5,0,26.0,0,0,0,1,0,1,0,1,0
10.5,0,47.0,0,0,0,1,0,1,0,1,0
11.5,0,21.0,1,0,0,1,0,1,0,1,0
11.5,0,21.0,1,0,0,1,0,1,0,1,0
13.5,0,24.0,0,0,0,1,0,1,0,1,0
13.0,0,24.0,0,0,0,1,0,1,0,1,0
13.0,0,34.0,0,0,0,1,0,1,0,1,0
13.0,0,30.0,0,0,0,1,0,1,0,1,0
13.0,0,52.0,0,0,0,1,0,1,0,1,0
13.0,0,30.0,0,0,0,1,0,1,0,1,0
14.5,1,0.6667,1,0,0,1,0,1,0,1,0
14.5,2,24.0,0,0,0,1,1,0,0,1,0
13.0,0,44.0,0,0,0,1,0,1,0,1,0
33.0,1,6.0,0,0,0,1,1,0,0,1,0
33.0,1,28.0,0,0,0,1,0,1,0,1,0
10.5,0,62.0,0,0,0,1,0,1,0,1,0
10.5,0,30.0,0,0,0,1,0,1,0,1,0
26.25,2,7.0,0,0,0,1,1,0,0,1,0
26.25,1,43.0,1,0,0,1,0,1,0,1,0
26.25,1,45.0,1,0,0,1,1,0,0,1,0
65.0,2,24.0,1,0,0,1,1,0,0,1,0
65.0,2,24.0,1,0,0,1,1,0,0,1,0
65.0,2,49.0,1,0,0,1,0,1,0,1,0
65.0,2,48.0,1,0,0,1,1,0,0,1,0
16.0,0,55.0,0,0,0,1,1,0,0,1,0
73.5,0,24.0,2,0,0,1,0,1,0,1,0
73.5,0,32.0,2,0,0,1,0,1,0,1,0
73.5,0,21.0,2,0,0,1,0,1,0,1,0
13.0,1,18.0,1,0,0,1,1,0,0,1,0
23.0,1,20.0,2,0,0,1,1,0,0,1,0
11.5,1,23.0,2,0,0,1,0,1,0,1,0
13.0,0,36.0,0,0,0,1,0,1,0,1,0
23.0,3,54.0,1,0,0,1,1,0,0,1,0
13.0,0,50.0,0,0,0,1,0,1,0,1,0
26.0,0,44.0,1,0,0,1,0,1,0,1,0
26.0,0,29.0,1,0,0,1,1,0,0,1,0
73.5,0,21.0,0,0,0,1,0,1,0,1,0
13.0,0,42.0,0,0,0,1,0,1,0,1,0
26.0,0,63.0,1,0,0,1,0,1,0,1,0
26.0,0,60.0,1,0,0,1,1,0,0,1,0
12.275,0,33.0,0,0,0,1,0,1,0,1,0
10.5,0,17.0,0,0,0,1,1,0,0,1,0
27.0,0,42.0,1,0,0,1,0,1,0,1,0
27.0,1,24.0,2,0,0,1,1,0,0,1,0
15.0,0,47.0,0,0,0,1,0,1,0,1,0
31.5,0,24.0,2,0,0,1,0,1,0,1,0
31.5,0,22.0,2,0,0,1,0,1,0,1,0
10.5,0,32.0,0,0,0,1,0,1,0,1,0
13.7917,0,23.0,0,1,0,0,1,0,0,1,0
26.0,0,34.0,1,0,0,1,0,1,0,1,0
26.0,0,24.0,1,0,0,1,1,0,0,1,0
21.0,0,22.0,0,0,0,1,1,0,0,1,0
12.35,0,29.8811345124283,0,0,1,0,1,0,0,1,0
12.35,0,35.0,0,0,1,0,0,1,0,1,0
13.5,0,45.0,0,0,0,1,1,0,0,1,0
12.35,0,57.0,0,0,1,0,0,1,0,1,0
0.0,0,29.8811345124283,0,0,0,1,0,1,0,1,0
10.5,0,31.0,0,0,0,1,0,1,0,1,0
26.0,1,26.0,1,0,0,1,1,0,0,1,0
26.0,1,30.0,1,0,0,1,0,1,0,1,0
10.7083,0,29.8811345124283,0,0,1,0,0,1,0,1,0
41.5792,2,1.0,1,1,0,0,1,0,0,1,0
41.5792,2,3.0,1,1,0,0,1,0,0,1,0
41.5792,2,25.0,1,1,0,0,0,1,0,1,0
41.5792,2,22.0,1,1,0,0,1,0,0,1,0
12.0,0,17.0,0,1,0,0,1,0,0,1,0
33.0,0,29.8811345124283,0,0,0,1,1,0,0,1,0
10.5,0,34.0,0,0,0,1,1,0,0,1,0
12.875,0,36.0,0,1,0,0,0,1,0,1,0
10.5,0,24.0,0,0,0,1,0,1,0,1,0
12.35,0,61.0,0,0,1,0,0,1,0,1,0
26.0,0,50.0,1,0,0,1,0,1,0,1,0
26.0,0,42.0,1,0,0,1,1,0,0,1,0
10.5,0,57.0,0,0,0,1,1,0,0,1,0
15.0458,0,29.8811345124283,0,1,0,0,0,1,0,1,0
37.0042,2,1.0,0,1,0,0,0,1,0,1,0
37.0042,1,31.0,1,1,0,0,0,1,0,1,0
37.0042,1,24.0,1,1,0,0,1,0,0,1,0
15.5792,0,29.8811345124283,0,1,0,0,0,1,0,1,0
13.0,0,30.0,0,0,0,1,0,1,0,1,0
16.0,0,40.0,0,0,0,1,0,1,0,1,0
13.5,0,32.0,0,0,0,1,0,1,0,1,0
13.0,0,30.0,0,0,0,1,0,1,0,1,0
26.0,0,46.0,0,0,0,1,0,1,0,1,0
19.5,1,13.0,0,0,0,1,1,0,0,1,0
19.5,1,41.0,0,0,0,1,1,0,0,1,0
10.5,0,19.0,0,0,0,1,0,1,0,1,0
13.0,0,39.0,0,0,0,1,0,1,0,1,0
13.0,0,48.0,0,0,0,1,0,1,0,1,0
10.5,0,70.0,0,0,0,1,0,1,0,1,0
13.0,0,27.0,0,0,0,1,0,1,0,1,0
14.0,0,54.0,0,0,0,1,0,1,0,1,0
26.0,0,39.0,0,0,0,1,0,1,0,1,0
10.5,0,16.0,0,0,0,1,0,1,0,1,0
9.6875,0,62.0,0,0,1,0,0,1,0,1,0
30.0708,0,32.5,1,1,0,0,0,1,0,1,0
30.0708,0,14.0,1,1,0,0,1,0,0,1,0
26.0,1,2.0,1,0,0,1,0,1,0,1,0
26.0,1,3.0,1,0,0,1,0,1,0,1,0
26.0,2,36.5,0,0,0,1,0,1,0,1,0
13.0,0,26.0,0,0,0,1,0,1,0,1,0
36.75,1,19.0,1,0,0,1,0,1,0,1,0
13.5,0,28.0,0,0,0,1,0,1,0,1,0
13.8625,0,20.0,0,1,0,0,0,1,0,1,0
10.5,0,29.0,0,0,0,1,1,0,0,1,0
13.0,0,39.0,0,0,0,1,0,1,0,1,0
10.5,0,22.0,0,0,0,1,0,1,0,1,0
13.8625,0,29.8811345124283,0,1,0,0,0,1,0,1,0
10.5,0,23.0,0,0,0,1,0,1,0,1,0
13.8583,0,29.0,0,1,0,0,0,1,0,1,0
10.5,0,28.0,0,0,0,1,0,1,0,1,0
0.0,0,29.8811345124283,0,0,0,1,0,1,0,1,0
26.0,1,50.0,0,0,0,1,1,0,0,1,0
10.5,0,19.0,0,0,0,1,0,1,0,1,0
15.05,0,29.8811345124283,0,1,0,0,0,1,0,1,0
13.0,0,41.0,0,0,0,1,0,1,0,1,0
21.0,1,21.0,0,0,0,1,1,0,0,1,0
26.0,0,19.0,0,0,0,1,1,0,0,1,0
21.0,1,43.0,0,0,0,1,0,1,0,1,0
13.0,0,32.0,0,0,0,1,1,0,0,1,0
13.0,0,34.0,0,0,0,1,0,1,0,1,0
12.7375,0,30.0,0,1,0,0,0,1,0,1,0
15.0333,0,27.0,0,1,0,0,0,1,0,1,0
26.0,1,2.0,1,0,0,1,1,0,0,1,0
26.0,1,8.0,1,0,0,1,1,0,0,1,0
26.0,2,33.0,0,0,0,1,1,0,0,1,0
10.5,0,36.0,0,0,0,1,0,1,0,1,0
21.0,0,34.0,1,0,0,1,0,1,0,1,0
21.0,0,30.0,3,0,0,1,1,0,0,1,0
13.0,0,28.0,0,0,0,1,1,0,0,1,0
15.0458,0,23.0,0,1,0,0,0,1,0,1,0
18.75,1,0.8333,1,0,0,1,0,1,0,1,0
18.75,1,3.0,1,0,0,1,0,1,0,1,0
18.75,3,24.0,2,0,0,1,1,0,0,1,0
10.5,0,50.0,0,0,0,1,1,0,0,1,0
10.5,0,19.0,0,0,0,1,0,1,0,1,0
10.5,0,21.0,0,0,0,1,1,0,0,1,0
13.0,0,26.0,0,0,0,1,0,1,0,1,0
13.0,0,25.0,0,0,0,1,0,1,0,1,0
26.0,0,27.0,0,0,0,1,0,1,0,1,0
26.0,1,25.0,0,0,0,1,1,0,0,1,0
13.0,2,18.0,0,0,0,1,1,0,0,1,0
36.75,0,20.0,0,0,0,1,1,0,0,1,0
13.0,0,30.0,0,0,0,1,1,0,0,1,0
13.5,0,59.0,0,0,0,1,0,1,0,1,0
12.35,0,30.0,0,0,1,0,1,0,0,1,0
10.5,0,35.0,0,0,0,1,0,1,0,1,0
13.0,0,40.0,0,0,0,1,1,0,0,1,0
13.0,0,25.0,0,0,0,1,0,1,0,1,0
15.0458,0,41.0,0,1,0,0,0,1,0,1,0
10.5,0,25.0,0,0,0,1,0,1,0,1,0
13.0,0,18.5,0,0,0,1,0,1,0,1,0
65.0,0,14.0,0,0,0,1,0,1,0,1,0
10.5,0,50.0,0,0,0,1,1,0,0,1,0
13.0,0,23.0,0,0,0,1,0,1,0,1,0
12.65,0,28.0,0,0,0,1,1,0,0,1,0
10.5,0,27.0,0,0,0,1,1,0,0,1,0
21.0,0,29.0,1,0,0,1,0,1,0,1,0
21.0,0,27.0,1,0,0,1,1,0,0,1,0
13.0,0,40.0,0,0,0,1,0,1,0,1,0
21.0,0,31.0,0,0,0,1,1,0,0,1,0
21.0,0,30.0,1,0,0,1,0,1,0,1,0
10.5,0,23.0,1,0,0,1,0,1,0,1,0
21.0,0,31.0,0,0,0,1,1,0,0,1,0
0.0,0,29.8811345124283,0,0,0,1,0,1,0,1,0
15.75,0,12.0,0,0,0,1,1,0,0,1,0
15.75,0,40.0,0,0,0,1,1,0,0,1,0
13.0,0,32.5,0,0,0,1,1,0,0,1,0
26.0,0,27.0,1,0,0,1,0,1,0,1,0
26.0,0,29.0,1,0,0,1,1,0,0,1,0
23.0,1,2.0,1,0,0,1,0,1,0,1,0
23.0,1,4.0,1,0,0,1,1,0,0,1,0
23.0,2,29.0,0,0,0,1,1,0,0,1,0
27.75,2,0.9167,1,0,0,1,1,0,0,1,0
27.75,2,5.0,1,0,0,1,1,0,0,1,0
27.75,2,36.0,1,0,0,1,0,1,0,1,0
27.75,2,33.0,1,0,0,1,1,0,0,1,0
10.5,0,66.0,0,0,0,1,0,1,0,1,0
12.875,0,29.8811345124283,0,0,0,1,0,1,0,1,0
13.0,0,31.0,0,0,0,1,0,1,0,1,0
13.0,0,29.8811345124283,0,0,0,1,0,1,0,1,0
13.5,0,26.0,0,0,0,1,1,0,0,1,0
13.0,0,24.0,0,0,0,1,1,0,0,1,0
7.55,0,42.0,0,0,0,1,0,1,0,0,1
20.25,2,13.0,0,0,0,1,0,1,0,0,1
20.25,1,16.0,1,0,0,1,0,1,0,0,1
20.25,1,35.0,1,0,0,1,1,0,0,0,1
7.65,0,16.0,0,0,0,1,1,0,0,0,1
7.65,0,25.0,0,0,0,1,0,1,0,0,1
7.925,0,20.0,0,0,0,1,0,1,0,0,1
7.2292,0,18.0,0,1,0,0,1,0,0,0,1
7.25,0,30.0,0,0,0,1,0,1,0,0,1
8.05,0,26.0,0,0,0,1,0,1,0,0,1
9.475,0,40.0,1,0,0,1,1,0,0,0,1
9.35,1,0.8333,0,0,0,1,0,1,0,0,1
9.35,1,18.0,0,0,0,1,1,0,0,0,1
18.7875,0,26.0,0,1,0,0,0,1,0,0,1
7.8875,0,26.0,0,0,0,1,0,1,0,0,1
7.925,0,20.0,0,0,0,1,0,1,0,0,1
7.05,0,24.0,0,0,0,1,0,1,0,0,1
7.05,0,25.0,0,0,0,1,0,1,0,0,1
8.05,0,35.0,0,0,0,1,0,1,0,0,1
8.3,0,18.0,0,0,0,1,0,1,0,0,1
22.525,0,32.0,0,0,0,1,0,1,0,0,1
7.8542,0,19.0,1,0,0,1,1,0,0,0,1
31.275,2,4.0,4,0,0,1,0,1,0,0,1
31.275,2,6.0,4,0,0,1,1,0,0,0,1
31.275,2,2.0,4,0,0,1,1,0,0,0,1
7.925,2,17.0,4,0,0,1,1,0,0,0,1
7.775,2,38.0,4,0,0,1,1,0,0,0,1
31.275,2,9.0,4,0,0,1,1,0,0,0,1
31.275,2,11.0,4,0,0,1,1,0,0,0,1
31.275,5,39.0,1,0,0,1,0,1,0,0,1
7.7958,0,27.0,0,0,0,1,0,1,0,0,1
7.775,0,26.0,0,0,0,1,0,1,0,0,1
31.275,5,39.0,1,0,0,1,1,0,0,0,1
7.8542,0,20.0,0,0,0,1,0,1,0,0,1
7.8958,0,26.0,0,0,0,1,0,1,0,0,1
17.8,0,25.0,1,0,0,1,0,1,0,0,1
17.8,0,18.0,1,0,0,1,1,0,0,0,1
7.775,0,24.0,0,0,0,1,0,1,0,0,1
7.05,0,35.0,0,0,0,1,0,1,0,0,1
31.3875,2,5.0,4,0,0,1,0,1,0,0,1
31.3875,2,9.0,4,0,0,1,0,1,0,0,1
31.3875,2,3.0,4,0,0,1,0,1,0,0,1
31.3875,2,13.0,4,0,0,1,0,1,0,0,1
31.3875,2,5.0,4,0,0,1,1,0,0,0,1
31.3875,5,40.0,1,0,0,1,0,1,0,0,1
7.7958,0,23.0,0,0,0,1,0,1,0,0,1
31.3875,5,38.0,1,0,0,1,1,0,0,0,1
7.225,0,45.0,0,1,0,0,1,0,0,0,1
7.225,0,21.0,0,1,0,0,0,1,0,0,1
7.05,0,23.0,0,0,0,1,0,1,0,0,1
14.4583,0,17.0,0,1,0,0,1,0,0,0,1
7.225,0,30.0,0,1,0,0,0,1,0,0,1
7.8542,0,23.0,0,0,0,1,0,1,0,0,1
7.2292,0,13.0,0,1,0,0,1,0,0,0,1
7.225,0,20.0,0,1,0,0,0,1,0,0,1
15.85,0,32.0,1,0,0,1,0,1,0,0,1
15.85,0,33.0,3,0,0,1,1,0,0,0,1
19.2583,1,0.75,2,1,0,0,1,0,0,0,1
19.2583,1,0.75,2,1,0,0,1,0,0,0,1
19.2583,1,5.0,2,1,0,0,1,0,0,0,1
19.2583,3,24.0,0,1,0,0,1,0,0,0,1
8.05,0,18.0,0,0,0,1,1,0,0,0,1
7.225,0,40.0,0,1,0,0,0,1,0,0,1
7.8958,0,26.0,0,0,0,1,0,1,0,0,1
7.2292,0,20.0,0,1,0,0,0,1,0,0,1
14.4542,1,18.0,0,1,0,0,1,0,0,0,1
14.4542,1,45.0,0,1,0,0,1,0,0,0,1
7.8792,0,27.0,0,0,1,0,1,0,0,0,1
8.05,0,22.0,0,0,0,1,0,1,0,0,1
8.05,0,19.0,0,0,0,1,0,1,0,0,1
7.775,0,26.0,0,0,0,1,0,1,0,0,1
9.35,0,22.0,0,0,0,1,0,1,0,0,1
7.2292,0,29.8811345124283,0,1,0,0,0,1,0,0,1
4.0125,0,20.0,0,1,0,0,0,1,0,0,1
56.4958,0,32.0,0,0,0,1,0,1,0,0,1
7.775,0,21.0,0,0,0,1,0,1,0,0,1
7.75,0,18.0,0,0,0,1,0,1,0,0,1
7.8958,0,26.0,0,0,0,1,0,1,0,0,1
15.2458,1,6.0,1,1,0,0,0,1,0,0,1
15.2458,1,9.0,1,1,0,0,1,0,0,0,1
7.225,0,29.8811345124283,0,1,0,0,0,1,0,0,1
15.2458,2,29.8811345124283,0,1,0,0,1,0,0,0,1
7.75,2,29.8811345124283,0,0,1,0,1,0,0,0,1
15.5,1,40.0,1,0,1,0,0,1,0,0,1
15.5,1,32.0,1,0,1,0,1,0,0,0,1
16.1,0,21.0,0,0,0,1,0,1,0,0,1
7.725,0,22.0,0,0,1,0,1,0,0,0,1
7.8542,0,20.0,0,0,0,1,1,0,0,0,1
7.0458,0,29.0,1,0,0,1,0,1,0,0,1
7.25,0,22.0,1,0,0,1,0,1,0,0,1
7.7958,0,22.0,0,0,0,1,0,1,0,0,1
8.05,0,35.0,0,0,0,1,0,1,0,0,1
7.2833,0,18.5,0,0,1,0,1,0,0,0,1
7.8208,0,21.0,0,0,1,0,0,1,0,0,1
6.75,0,19.0,0,0,1,0,0,1,0,0,1
7.8792,0,18.0,0,0,1,0,1,0,0,0,1
8.6625,0,21.0,0,0,0,1,1,0,0,0,1
8.6625,0,30.0,0,0,0,1,1,0,0,0,1
8.6625,0,18.0,0,0,0,1,0,1,0,0,1
8.6625,0,38.0,0,0,0,1,0,1,0,0,1
8.6625,0,17.0,0,0,0,1,0,1,0,0,1
8.6625,0,17.0,0,0,0,1,0,1,0,0,1
7.75,0,21.0,0,0,1,0,1,0,0,0,1
7.75,0,21.0,0,0,1,0,0,1,0,0,1
8.05,0,21.0,0,0,0,1,0,1,0,0,1
14.4583,0,29.8811345124283,1,1,0,0,0,1,0,0,1
14.4583,0,29.8811345124283,1,1,0,0,1,0,0,0,1
7.7958,0,28.0,0,0,0,1,0,1,0,0,1
7.8542,0,24.0,0,0,0,1,0,1,0,0,1
7.75,0,16.0,0,0,1,0,1,0,0,0,1
7.75,0,37.0,0,0,1,0,1,0,0,0,1
7.25,0,28.0,0,0,0,1,0,1,0,0,1
8.05,0,24.0,0,0,0,1,0,1,0,0,1
7.7333,0,21.0,0,0,1,0,0,1,0,0,1
56.4958,0,32.0,0,0,0,1,0,1,0,0,1
8.05,0,29.0,0,0,0,1,0,1,0,0,1
14.4542,0,26.0,1,1,0,0,0,1,0,0,1
14.4542,0,18.0,1,1,0,0,0,1,0,0,1
7.05,0,20.0,0,0,0,1,0,1,0,0,1
8.05,0,18.0,0,0,0,1,0,1,0,0,1
7.25,0,24.0,0,0,1,0,0,1,0,0,1
7.4958,0,36.0,0,0,0,1,0,1,0,0,1
7.4958,0,24.0,0,0,0,1,0,1,0,0,1
7.7333,0,31.0,0,0,1,0,0,1,0,0,1
7.75,0,31.0,0,0,1,0,0,1,0,0,1
7.75,0,22.0,0,0,1,0,1,0,0,0,1
7.6292,0,30.0,0,0,1,0,1,0,0,0,1
7.75,0,70.5,0,0,1,0,0,1,0,0,1
8.05,0,43.0,0,0,0,1,0,1,0,0,1
7.8958,0,35.0,0,0,0,1,0,1,0,0,1
7.8958,0,27.0,0,0,0,1,0,1,0,0,1
7.8958,0,19.0,0,0,0,1,0,1,0,0,1
8.05,0,30.0,0,0,0,1,0,1,0,0,1
15.9,1,9.0,1,0,0,1,0,1,0,0,1
15.9,1,3.0,1,0,0,1,0,1,0,0,1
15.9,2,36.0,0,0,0,1,1,0,0,0,1
7.25,0,59.0,0,0,0,1,0,1,0,0,1
8.1583,0,19.0,0,0,0,1,0,1,0,0,1
16.1,1,17.0,0,0,0,1,1,0,0,0,1
16.1,1,44.0,0,0,0,1,0,1,0,0,1
8.6625,0,17.0,0,0,0,1,0,1,0,0,1
7.225,0,22.5,0,1,0,0,0,1,0,0,1
8.05,0,45.0,0,0,0,1,0,1,0,0,1
10.5167,0,22.0,0,0,0,1,1,0,0,0,1
10.1708,0,19.0,0,0,0,1,0,1,0,0,1
6.95,0,30.0,0,0,1,0,1,0,0,0,1
7.75,0,29.0,0,0,1,0,0,1,0,0,1
14.4,2,0.3333,0,0,0,1,0,1,0,0,1
14.4,1,34.0,1,0,0,1,0,1,0,0,1
14.4,1,28.0,1,0,0,1,1,0,0,0,1
7.8958,0,27.0,0,0,0,1,0,1,0,0,1
7.8958,0,25.0,0,0,0,1,0,1,0,0,1
24.15,0,24.0,2,0,0,1,0,1,0,0,1
8.05,0,22.0,0,0,0,1,0,1,0,0,1
24.15,0,21.0,2,0,0,1,0,1,0,0,1
8.05,0,17.0,2,0,0,1,0,1,0,0,1
16.1,0,29.8811345124283,1,0,0,1,0,1,0,0,1
16.1,0,29.8811345124283,1,0,0,1,1,0,0,0,1
17.4,0,36.5,1,0,0,1,0,1,0,0,1
17.4,0,36.0,1,0,0,1,1,0,0,0,1
9.5,0,30.0,0,0,0,1,0,1,0,0,1
9.5,0,16.0,0,0,0,1,0,1,0,0,1
20.575,2,1.0,1,0,0,1,0,1,0,0,1
20.575,2,0.1667,1,0,0,1,1,0,0,0,1
20.575,2,26.0,1,0,0,1,0,1,0,0,1
20.575,2,33.0,1,0,0,1,1,0,0,0,1
7.8958,0,25.0,0,0,0,1,0,1,0,0,1
7.8958,0,29.8811345124283,0,0,0,1,0,1,0,0,1
7.8958,0,29.8811345124283,0,0,0,1,0,1,0,0,1
7.25,0,22.0,0,0,0,1,0,1,0,0,1
7.25,0,36.0,0,0,0,1,0,1,0,0,1
7.8792,0,19.0,0,0,1,0,1,0,0,0,1
7.8958,0,17.0,0,0,0,1,0,1,0,0,1
8.6625,0,42.0,0,0,0,1,0,1,0,0,1
7.8958,0,43.0,0,0,0,1,0,1,0,0,1
7.2292,0,29.8811345124283,0,1,0,0,0,1,0,0,1
7.75,0,32.0,0,0,1,0,0,1,0,0,1
8.05,0,19.0,0,0,0,1,0,1,0,0,1
12.475,0,30.0,0,0,0,1,1,0,0,0,1
7.75,0,24.0,0,0,1,0,1,0,0,0,1
8.05,0,23.0,0,0,0,1,1,0,0,0,1
7.8958,0,33.0,0,1,0,0,0,1,0,0,1
7.75,0,65.0,0,0,1,0,0,1,0,0,1
7.55,0,24.0,0,0,0,1,0,1,0,0,1
13.9,0,23.0,1,0,0,1,0,1,0,0,1
13.9,0,22.0,1,0,0,1,1,0,0,0,1
7.775,0,18.0,0,0,0,1,0,1,0,0,1
7.775,0,16.0,0,0,0,1,0,1,0,0,1
6.975,0,45.0,0,0,0,1,0,1,0,0,1
7.225,0,29.8811345124283,0,1,0,0,0,1,0,0,1
7.2292,2,39.0,0,1,0,0,0,1,0,0,1
7.2292,1,17.0,1,1,0,0,0,1,0,0,1
7.2292,1,15.0,1,1,0,0,0,1,0,0,1
7.25,0,47.0,0,0,0,1,0,1,0,0,1
12.475,0,5.0,0,0,0,1,1,0,0,0,1
7.225,0,29.8811345124283,0,1,0,0,0,1,0,0,1
15.1,0,40.5,0,0,0,1,0,1,0,0,1
7.75,0,40.5,0,0,1,0,0,1,0,0,1
7.05,0,29.8811345124283,0,0,0,1,0,1,0,0,1
7.7958,0,18.0,0,0,0,1,0,1,0,0,1
7.75,0,29.8811345124283,0,0,1,0,1,0,0,0,1
7.75,0,29.8811345124283,0,0,1,0,0,1,0,0,1
6.95,0,29.8811345124283,0,0,1,0,0,1,0,0,1
7.8792,0,26.0,0,0,1,0,0,1,0,0,1
7.75,0,29.8811345124283,0,0,1,0,0,1,0,0,1
56.4958,0,29.8811345124283,0,0,0,1,0,1,0,0,1
34.375,2,21.0,2,0,0,1,1,0,0,0,1
34.375,2,9.0,2,0,0,1,1,0,0,0,1
8.05,0,29.8811345124283,0,0,0,1,0,1,0,0,1
34.375,2,18.0,2,0,0,1,0,1,0,0,1
34.375,3,16.0,1,0,0,1,0,1,0,0,1
34.375,3,48.0,1,0,0,1,1,0,0,0,1
7.75,0,29.8811345124283,0,0,1,0,0,1,0,0,1
7.25,0,29.8811345124283,0,0,0,1,0,1,0,0,1
7.7417,0,25.0,0,0,1,0,0,1,0,0,1
14.5,0,29.8811345124283,0,0,0,1,0,1,0,0,1
7.8958,0,29.8811345124283,0,1,0,0,0,1,0,0,1
8.05,0,22.0,0,0,0,1,0,1,0,0,1
7.7333,0,16.0,0,0,1,0,1,0,0,0,1
7.75,0,29.8811345124283,0,0,1,0,1,0,0,0,1
20.525,2,9.0,0,0,0,1,0,1,0,0,1
20.525,1,33.0,1,0,0,1,0,1,0,0,1
7.85,0,41.0,0,0,0,1,0,1,0,0,1
20.525,1,31.0,1,0,0,1,1,0,0,0,1
7.05,0,38.0,0,0,0,1,0,1,0,0,1
46.9,2,9.0,5,0,0,1,0,1,0,0,1
46.9,2,1.0,5,0,0,1,0,1,0,0,1
46.9,2,11.0,5,0,0,1,0,1,0,0,1
46.9,2,10.0,5,0,0,1,1,0,0,0,1
46.9,2,16.0,5,0,0,1,1,0,0,0,1
46.9,2,14.0,5,0,0,1,0,1,0,0,1
46.9,6,40.0,1,0,0,1,0,1,0,0,1
46.9,6,43.0,1,0,0,1,1,0,0,0,1
8.05,0,51.0,0,0,0,1,0,1,0,0,1
8.3625,0,32.0,0,0,0,1,0,1,0,0,1
8.05,0,29.8811345124283,0,0,0,1,0,1,0,0,1
9.8458,0,20.0,0,0,0,1,0,1,0,0,1
7.925,0,37.0,2,0,0,1,0,1,0,0,1
7.925,0,28.0,2,0,0,1,0,1,0,0,1
7.775,0,19.0,0,0,0,1,0,1,0,0,1
8.85,0,24.0,0,0,0,1,1,0,0,0,1
7.7333,0,17.0,0,0,1,0,1,0,0,0,1
19.9667,0,29.8811345124283,1,0,0,1,0,1,0,0,1
19.9667,0,29.8811345124283,1,0,0,1,0,1,0,0,1
15.85,0,28.0,1,0,0,1,0,1,0,0,1
15.85,0,24.0,1,0,0,1,1,0,0,0,1
9.5,0,20.0,0,0,0,1,0,1,0,0,1
7.2292,0,23.5,0,1,0,0,0,1,0,0,1
14.1083,0,41.0,2,0,0,1,0,1,0,0,1
7.8542,0,26.0,1,0,0,1,0,1,0,0,1
7.8542,0,21.0,0,0,0,1,0,1,0,0,1
14.1083,0,45.0,1,0,0,1,1,0,0,0,1
7.55,0,29.8811345124283,0,0,0,1,1,0,0,0,1
7.25,0,25.0,0,0,0,1,0,1,0,0,1
6.8583,0,29.8811345124283,0,0,1,0,0,1,0,0,1
18.7875,0,11.0,0,1,0,0,0,1,0,0,1
7.75,0,29.8811345124283,0,0,1,0,1,0,0,0,1
6.975,0,27.0,0,0,0,1,0,1,0,0,1
56.4958,0,29.8811345124283,0,0,0,1,0,1,0,0,1
6.75,0,18.0,0,0,1,0,1,0,0,0,1
7.925,0,26.0,0,0,0,1,1,0,0,0,1
7.925,0,23.0,0,0,0,1,1,0,0,0,1
8.9625,0,22.0,0,0,0,1,1,0,0,0,1
7.8958,0,28.0,0,0,0,1,0,1,0,0,1
7.775,0,28.0,0,0,0,1,1,0,0,0,1
7.75,0,29.8811345124283,0,0,1,0,1,0,0,0,1
12.2875,1,2.0,0,0,0,1,1,0,0,0,1
12.2875,1,22.0,1,0,0,1,1,0,0,0,1
6.45,0,43.0,0,0,0,1,0,1,0,0,1
22.525,0,28.0,0,0,0,1,0,1,0,0,1
7.925,0,27.0,0,0,0,1,1,0,0,0,1
7.75,0,29.8811345124283,0,0,1,0,0,1,0,0,1
8.05,0,29.8811345124283,0,0,0,1,1,0,0,0,1
7.65,0,42.0,0,0,0,1,0,1,0,0,1
7.8875,0,29.8811345124283,0,0,0,1,0,1,0,0,1
7.2292,0,30.0,0,1,0,0,0,1,0,0,1
7.8958,0,29.8811345124283,0,0,0,1,0,1,0,0,1
7.925,0,27.0,1,0,0,1,1,0,0,0,1
7.925,0,25.0,1,0,0,1,1,0,0,0,1
7.8958,0,29.8811345124283,0,0,0,1,0,1,0,0,1
7.8958,0,29.0,0,1,0,0,0,1,0,0,1
7.7958,0,21.0,0,0,0,1,0,1,0,0,1
7.05,0,29.8811345124283,0,0,0,1,0,1,0,0,1
7.8542,0,20.0,0,0,0,1,0,1,0,0,1
7.8542,0,48.0,0,0,0,1,0,1,0,0,1
7.0542,0,17.0,1,0,0,1,0,1,0,0,1
7.75,0,29.8811345124283,0,0,1,0,1,0,0,0,1
8.1125,0,29.8811345124283,0,0,0,1,0,1,0,0,1
6.4958,0,34.0,0,0,0,1,0,1,0,0,1
7.775,0,26.0,0,0,0,1,0,1,0,0,1
7.7958,0,22.0,0,0,0,1,0,1,0,0,1
8.6542,0,33.0,0,0,0,1,0,1,0,0,1
7.775,0,31.0,0,0,0,1,0,1,0,0,1
7.8542,0,29.0,0,0,0,1,0,1,0,0,1
11.1333,1,4.0,1,0,0,1,0,1,0,0,1
11.1333,1,1.0,1,0,0,1,1,0,0,0,1
0.0,0,49.0,0,0,0,1,0,1,0,0,1
7.775,0,33.0,0,0,0,1,0,1,0,0,1
0.0,0,19.0,0,0,0,1,0,1,0,0,1
11.1333,2,27.0,0,0,0,1,1,0,0,0,1
23.45,2,29.8811345124283,1,0,0,1,0,1,0,0,1
23.45,2,29.8811345124283,1,0,0,1,1,0,0,0,1
23.45,2,29.8811345124283,1,0,0,1,0,1,0,0,1
23.45,2,29.8811345124283,1,0,0,1,1,0,0,0,1
7.8958,0,23.0,0,0,0,1,0,1,0,0,1
7.8542,0,32.0,0,0,0,1,0,1,0,0,1
7.8542,0,27.0,0,0,0,1,0,1,0,0,1
9.825,0,20.0,1,0,0,1,1,0,0,0,1
9.825,0,21.0,1,0,0,1,1,0,0,0,1
7.925,0,32.0,0,0,0,1,0,1,0,0,1
7.125,0,17.0,0,0,0,1,0,1,0,0,1
8.4333,0,21.0,0,0,0,1,0,1,0,0,1
7.8958,0,30.0,0,0,0,1,0,1,0,0,1
7.7958,0,21.0,0,0,0,1,0,1,0,0,1
7.8542,0,33.0,0,0,0,1,0,1,0,0,1
7.5208,0,22.0,0,0,0,1,0,1,0,0,1
13.4167,1,4.0,0,1,0,0,1,0,0,0,1
13.4167,1,39.0,0,1,0,0,0,1,0,0,1
7.2292,0,29.8811345124283,0,1,0,0,0,1,0,0,1
7.2292,0,18.5,0,1,0,0,0,1,0,0,1
7.75,0,29.8811345124283,0,0,1,0,0,1,0,0,1
7.25,0,29.8811345124283,0,0,0,1,0,1,0,0,1
7.75,0,29.8811345124283,0,0,1,0,1,0,0,0,1
7.75,0,29.8811345124283,0,0,1,0,1,0,0,0,1
7.8292,0,34.5,0,0,1,0,0,1,0,0,1
8.05,0,44.0,0,0,0,1,0,1,0,0,1
7.75,0,29.8811345124283,0,0,1,0,0,1,0,0,1
14.4542,0,29.8811345124283,1,1,0,0,0,1,0,0,1
14.4542,0,29.8811345124283,1,1,0,0,1,0,0,0,1
7.75,0,29.8811345124283,1,0,1,0,0,1,0,0,1
7.75,0,29.8811345124283,1,0,1,0,0,1,0,0,1
7.7375,0,29.8811345124283,0,0,1,0,0,1,0,0,1
8.6625,0,22.0,2,0,0,1,1,0,0,0,1
8.6625,0,26.0,2,0,0,1,0,1,0,0,1
22.025,2,4.0,0,0,0,1,1,0,0,0,1
22.025,1,29.0,3,0,0,1,0,1,0,0,1
22.025,1,26.0,1,0,0,1,1,0,0,0,1
12.1833,1,1.0,1,0,0,1,1,0,0,0,1
7.8542,1,18.0,1,0,0,1,0,1,0,0,1
12.1833,2,36.0,0,0,0,1,1,0,0,0,1
7.8958,0,29.8811345124283,0,1,0,0,0,1,0,0,1
7.2292,0,25.0,0,1,0,0,0,1,0,0,1
7.225,0,29.8811345124283,0,1,0,0,0,1,0,0,1
9.5875,0,37.0,0,0,0,1,1,0,0,0,1
7.8958,0,29.8811345124283,0,0,0,1,0,1,0,0,1
56.4958,0,29.8811345124283,0,0,0,1,0,1,0,0,1
56.4958,0,29.8811345124283,0,0,0,1,0,1,0,0,1
7.25,0,22.0,0,0,0,1,1,0,0,0,1
7.75,0,29.8811345124283,0,0,1,0,0,1,0,0,1
56.4958,0,26.0,0,0,0,1,0,1,0,0,1
9.4833,0,29.0,0,0,0,1,0,1,0,0,1
7.775,0,29.0,0,0,0,1,0,1,0,0,1
7.775,0,22.0,0,0,0,1,0,1,0,0,1
7.225,0,22.0,0,1,0,0,0,1,0,0,1
25.4667,1,29.8811345124283,3,0,0,1,0,1,0,0,1
25.4667,1,29.8811345124283,3,0,0,1,1,0,0,0,1
25.4667,1,29.8811345124283,3,0,0,1,1,0,0,0,1
25.4667,1,29.8811345124283,3,0,0,1,1,0,0,0,1
25.4667,4,29.8811345124283,0,0,0,1,1,0,0,0,1
7.925,0,32.0,0,0,0,1,0,1,0,0,1
6.4375,0,34.5,0,1,0,0,0,1,0,0,1
15.5,0,29.8811345124283,1,0,1,0,1,0,0,0,1
15.5,0,29.8811345124283,1,0,1,0,0,1,0,0,1
0.0,0,36.0,0,0,0,1,0,1,0,0,1
24.15,0,39.0,0,0,0,1,0,1,0,0,1
9.5,0,24.0,0,0,0,1,0,1,0,0,1
7.775,0,25.0,0,0,0,1,1,0,0,0,1
7.75,0,45.0,0,0,0,1,1,0,0,0,1
15.55,0,36.0,1,0,0,1,0,1,0,0,1
15.55,0,30.0,1,0,0,1,1,0,0,0,1
7.925,0,20.0,1,0,0,1,0,1,0,0,1
7.8792,0,29.8811345124283,0,0,1,0,0,1,0,0,1
56.4958,0,28.0,0,0,0,1,0,1,0,0,1
7.55,0,29.8811345124283,0,0,0,1,0,1,0,0,1
16.1,0,30.0,1,0,0,1,0,1,0,0,1
16.1,0,26.0,1,0,0,1,1,0,0,0,1
7.8792,0,29.8811345124283,0,0,0,1,0,1,0,0,1
7.25,0,20.5,0,0,0,1,0,1,0,0,1
8.6625,0,27.0,0,0,0,1,0,1,0,0,1
7.0542,0,51.0,0,0,0,1,0,1,0,0,1
7.8542,0,23.0,0,0,0,1,1,0,0,0,1
7.5792,0,32.0,0,0,0,1,0,1,0,0,1
7.8958,0,29.8811345124283,0,0,0,1,0,1,0,0,1
7.55,0,29.8811345124283,0,0,0,1,0,1,0,0,1
7.75,0,29.8811345124283,0,0,1,0,1,0,0,0,1
7.1417,0,24.0,0,0,0,1,0,1,0,0,1
7.125,0,22.0,0,0,0,1,0,1,0,0,1
7.8792,0,29.8811345124283,0,0,1,0,1,0,0,0,1
7.75,0,29.8811345124283,0,0,1,0,0,1,0,0,1
8.05,0,29.8811345124283,0,0,0,1,0,1,0,0,1
7.925,0,29.0,0,0,0,1,0,1,0,0,1
7.2292,0,29.8811345124283,0,1,0,0,0,1,0,0,1
7.75,0,30.5,0,0,1,0,1,0,0,0,1
7.7375,0,29.8811345124283,0,0,1,0,1,0,0,0,1
7.2292,0,29.8811345124283,0,1,0,0,0,1,0,0,1
7.8958,0,35.0,0,1,0,0,0,1,0,0,1
7.8958,0,33.0,0,0,0,1,0,1,0,0,1
7.225,0,29.8811345124283,0,1,0,0,1,0,0,0,1
7.8958,0,29.8811345124283,0,1,0,0,0,1,0,0,1
7.75,0,29.8811345124283,0,0,1,0,1,0,0,0,1
7.75,0,29.8811345124283,0,0,1,0,0,1,0,0,1
23.25,0,29.8811345124283,2,0,1,0,1,0,0,0,1
23.25,0,29.8811345124283,2,0,1,0,1,0,0,0,1
23.25,0,29.8811345124283,2,0,1,0,0,1,0,0,1
7.7875,0,29.8811345124283,0,0,1,0,1,0,0,0,1
15.5,0,29.8811345124283,0,0,1,0,0,1,0,0,1
7.8792,0,29.8811345124283,0,0,1,0,1,0,0,0,1
8.0292,0,15.0,0,0,1,0,1,0,0,0,1
7.75,0,35.0,0,0,1,0,1,0,0,0,1
7.75,0,29.8811345124283,0,0,1,0,0,1,0,0,1
16.1,0,24.0,1,0,0,1,0,1,0,0,1
16.1,0,19.0,1,0,0,1,1,0,0,0,1
7.75,0,29.8811345124283,0,0,1,0,1,0,0,0,1
8.05,0,29.8811345124283,0,0,0,1,1,0,0,0,1
8.05,0,29.8811345124283,0,0,0,1,1,0,0,0,1
8.05,0,55.5,0,0,0,1,0,1,0,0,1
7.75,0,29.8811345124283,0,0,1,0,0,1,0,0,1
7.775,0,21.0,0,0,0,1,0,1,0,0,1
8.05,0,29.8811345124283,0,0,0,1,0,1,0,0,1
7.8958,0,24.0,0,0,0,1,0,1,0,0,1
7.8958,0,21.0,0,0,0,1,0,1,0,0,1
7.8958,0,28.0,0,0,0,1,0,1,0,0,1
7.8958,0,29.8811345124283,0,0,0,1,0,1,0,0,1
7.8792,0,29.8811345124283,0,0,1,0,1,0,0,0,1
7.65,0,25.0,0,0,0,1,0,1,0,0,1
12.475,1,6.0,0,0,0,1,0,1,0,0,1
12.475,1,27.0,0,0,0,1,1,0,0,0,1
8.05,0,29.8811345124283,0,0,0,1,0,1,0,0,1
24.15,0,29.8811345124283,1,0,1,0,1,0,0,0,1
24.15,0,29.8811345124283,1,0,1,0,0,1,0,0,1
8.4583,0,29.8811345124283,0,0,1,0,0,1,0,0,1
8.05,0,34.0,0,0,0,1,0,1,0,0,1
7.75,0,29.8811345124283,0,0,1,0,0,1,0,0,1
7.775,0,29.8811345124283,0,0,0,1,0,1,0,0,1
15.2458,1,29.8811345124283,1,1,0,0,0,1,0,0,1
15.2458,1,29.8811345124283,1,1,0,0,0,1,0,0,1
15.2458,2,29.8811345124283,0,1,0,0,1,0,0,0,1
7.2292,0,29.8811345124283,0,1,0,0,1,0,0,0,1
8.05,0,29.8811345124283,0,0,0,1,0,1,0,0,1
7.7333,0,29.8811345124283,0,0,1,0,1,0,0,0,1
7.75,0,24.0,0,0,1,0,1,0,0,0,1
8.05,0,29.8811345124283,0,0,0,1,0,1,0,0,1
15.5,0,29.8811345124283,1,0,1,0,1,0,0,0,1
15.5,0,29.8811345124283,1,0,1,0,1,0,0,0,1
15.5,0,29.8811345124283,0,0,1,0,1,0,0,0,1
7.75,0,18.0,0,0,0,1,0,1,0,0,1
7.8958,0,22.0,0,0,0,1,0,1,0,0,1
7.225,0,15.0,0,1,0,0,1,0,0,0,1
15.7417,2,1.0,0,1,0,0,1,0,0,0,1
15.7417,1,20.0,1,1,0,0,0,1,0,0,1
15.7417,1,19.0,1,1,0,0,1,0,0,0,1
8.05,0,33.0,0,0,0,1,0,1,0,0,1
7.8958,0,29.8811345124283,0,0,0,1,0,1,0,0,1
7.2292,0,29.8811345124283,0,1,0,0,0,1,0,0,1
7.75,0,29.8811345124283,0,0,1,0,1,0,0,0,1
7.8958,0,29.8811345124283,0,0,0,1,0,1,0,0,1
11.2417,0,12.0,1,1,0,0,0,1,0,0,1
11.2417,0,14.0,1,1,0,0,1,0,0,0,1
7.925,0,29.0,0,0,0,1,1,0,0,0,1
8.05,0,28.0,0,0,0,1,0,1,0,0,1
7.775,0,18.0,0,0,0,1,1,0,0,0,1
7.8542,0,26.0,0,0,0,1,1,0,0,0,1
7.8542,0,21.0,0,0,0,1,0,1,0,0,1
7.125,0,41.0,0,0,0,1,0,1,0,0,1
7.925,0,39.0,0,0,0,1,0,1,0,0,1
7.8,0,21.0,0,0,0,1,0,1,0,0,1
7.2292,0,28.5,0,1,0,0,0,1,0,0,1
7.75,0,22.0,0,0,0,1,1,0,0,0,1
6.2375,0,61.0,0,0,0,1,0,1,0,0,1
15.5,0,29.8811345124283,1,0,1,0,0,1,0,0,1
7.8292,0,29.8811345124283,0,0,1,0,0,1,0,0,1
15.5,0,29.8811345124283,1,0,1,0,1,0,0,0,1
7.7333,0,29.8811345124283,0,0,1,0,0,1,0,0,1
7.75,0,29.8811345124283,0,0,1,0,0,1,0,0,1
7.75,0,29.8811345124283,0,0,1,0,0,1,0,0,1
9.225,0,23.0,0,0,0,1,0,1,0,0,1
7.75,0,29.8811345124283,0,0,1,0,1,0,0,0,1
7.75,0,29.8811345124283,0,0,1,0,1,0,0,0,1
7.8792,0,29.8811345124283,0,0,1,0,1,0,0,0,1
7.775,0,22.0,0,0,0,1,1,0,0,0,1
7.75,0,29.8811345124283,0,0,1,0,0,1,0,0,1
7.8292,0,29.8811345124283,0,0,1,0,1,0,0,0,1
3.1708,1,9.0,0,0,0,1,0,1,0,0,1
22.525,0,28.0,0,0,0,1,0,1,0,0,1
8.4042,1,42.0,0,0,0,1,0,1,0,0,1
7.3125,0,29.8811345124283,0,0,0,1,0,1,0,0,1
7.8542,0,31.0,0,0,0,1,1,0,0,0,1
7.8542,0,28.0,0,0,0,1,0,1,0,0,1
7.775,0,32.0,0,0,0,1,0,1,0,0,1
9.225,0,20.0,0,0,0,1,0,1,0,0,1
8.6625,0,23.0,0,0,0,1,1,0,0,0,1
8.6625,0,20.0,0,0,0,1,1,0,0,0,1
8.6625,0,20.0,0,0,0,1,0,1,0,0,1
9.2167,0,16.0,0,0,0,1,0,1,0,0,1
8.6833,0,31.0,0,0,0,1,1,0,0,0,1
7.6292,0,29.8811345124283,0,0,1,0,1,0,0,0,1
21.075,1,2.0,3,0,0,1,0,1,0,0,1
21.075,1,6.0,3,0,0,1,0,1,0,0,1
21.075,1,3.0,3,0,0,1,1,0,0,0,1
21.075,1,8.0,3,0,0,1,1,0,0,0,1
21.075,4,29.0,0,0,0,1,1,0,0,0,1
39.6875,1,1.0,4,0,0,1,0,1,0,0,1
39.6875,1,7.0,4,0,0,1,0,1,0,0,1
39.6875,1,2.0,4,0,0,1,0,1,0,0,1
39.6875,1,16.0,4,0,0,1,0,1,0,0,1
39.6875,1,14.0,4,0,0,1,0,1,0,0,1
39.6875,5,41.0,0,0,0,1,1,0,0,0,1
8.6625,0,21.0,0,0,0,1,0,1,0,0,1
14.5,0,19.0,0,0,0,1,0,1,0,0,1
8.7125,0,29.8811345124283,0,1,0,0,0,1,0,0,1
7.8958,0,32.0,0,0,0,1,0,1,0,0,1
13.775,1,0.75,1,0,0,1,0,1,0,0,1
13.775,1,3.0,1,0,0,1,1,0,0,0,1
13.775,2,26.0,0,0,0,1,1,0,0,0,1
7.0,0,29.8811345124283,0,0,0,1,0,1,0,0,1
7.775,0,29.8811345124283,0,0,0,1,0,1,0,0,1
8.05,0,29.8811345124283,0,0,0,1,0,1,0,0,1
7.925,0,21.0,0,0,0,1,0,1,0,0,1
7.925,0,25.0,0,0,0,1,0,1,0,0,1
7.25,0,22.0,0,0,0,1,0,1,0,0,1
7.775,0,25.0,1,0,0,1,0,1,0,0,1
22.3583,1,29.8811345124283,1,1,0,0,0,1,0,0,1
22.3583,1,29.8811345124283,1,1,0,0,1,0,0,0,1
22.3583,2,29.8811345124283,0,1,0,0,1,0,0,0,1
8.1375,0,29.8811345124283,0,0,1,0,1,0,0,0,1
8.05,0,24.0,0,0,0,1,0,1,0,0,1
7.8958,0,28.0,0,0,0,1,1,0,0,0,1
7.8958,0,19.0,0,0,0,1,0,1,0,0,1
7.8958,0,29.8811345124283,0,0,0,1,0,1,0,0,1
7.775,0,25.0,1,0,0,1,0,1,0,0,1
7.775,0,18.0,0,0,0,1,1,0,0,0,1
8.05,0,32.0,0,0,0,1,0,1,0,0,1
7.8958,0,29.8811345124283,0,0,0,1,0,1,0,0,1
8.6625,0,17.0,0,0,0,1,0,1,0,0,1
8.6625,0,24.0,0,0,0,1,0,1,0,0,1
7.8958,0,29.8811345124283,0,0,0,1,0,1,0,0,1
8.1125,0,29.8811345124283,0,0,0,1,1,0,0,0,1
7.2292,0,29.8811345124283,0,1,0,0,0,1,0,0,1
7.25,0,29.8811345124283,0,0,0,1,0,1,0,0,1
7.8958,0,38.0,0,0,0,1,0,1,0,0,1
8.05,0,21.0,0,0,0,1,0,1,0,0,1
29.125,1,10.0,4,0,1,0,0,1,0,0,1
29.125,1,4.0,4,0,1,0,0,1,0,0,1
29.125,1,7.0,4,0,1,0,0,1,0,0,1
29.125,1,2.0,4,0,1,0,0,1,0,0,1
29.125,1,8.0,4,0,1,0,0,1,0,0,1
29.125,5,39.0,0,0,1,0,1,0,0,0,1
39.6875,0,22.0,0,0,0,1,1,0,0,0,1
7.125,0,35.0,0,0,0,1,0,1,0,0,1
7.7208,0,29.8811345124283,0,0,1,0,1,0,0,0,1
14.5,0,29.8811345124283,0,0,0,1,0,1,0,0,1
14.5,0,29.8811345124283,0,0,0,1,1,0,0,0,1
14.5,0,50.0,1,0,0,1,0,1,0,0,1
14.5,0,47.0,1,0,0,1,1,0,0,0,1
8.05,0,29.8811345124283,0,0,0,1,0,1,0,0,1
7.775,0,29.8811345124283,0,0,0,1,0,1,0,0,1
20.2125,1,2.0,1,0,0,1,1,0,0,0,1
20.2125,1,18.0,1,0,0,1,0,1,0,0,1
20.2125,2,41.0,0,0,0,1,1,0,0,0,1
8.05,0,29.8811345124283,0,0,0,1,1,0,0,0,1
8.05,0,50.0,0,0,0,1,0,1,0,0,1
8.05,0,16.0,0,0,0,1,0,1,0,0,1
7.75,0,29.8811345124283,0,0,1,0,0,1,0,0,1
24.15,0,29.8811345124283,0,0,1,0,0,1,0,0,1
7.2292,0,29.8811345124283,0,1,0,0,0,1,0,0,1
7.225,0,25.0,0,1,0,0,0,1,0,0,1
7.225,0,29.8811345124283,0,1,0,0,0,1,0,0,1
7.7292,0,29.8811345124283,0,0,1,0,0,1,0,0,1
7.575,0,29.8811345124283,0,0,0,1,0,1,0,0,1
7.25,0,38.5,0,0,0,1,0,1,0,0,1
69.55,2,29.8811345124283,8,0,0,1,0,1,0,0,1
69.55,2,14.5,8,0,0,1,0,1,0,0,1
69.55,2,29.8811345124283,8,0,0,1,1,0,0,0,1
69.55,2,29.8811345124283,8,0,0,1,1,0,0,0,1
69.55,2,29.8811345124283,8,0,0,1,1,0,0,0,1
69.55,2,29.8811345124283,8,0,0,1,1,0,0,0,1
69.55,2,29.8811345124283,8,0,0,1,0,1,0,0,1
69.55,2,29.8811345124283,8,0,0,1,0,1,0,0,1
69.55,2,29.8811345124283,8,0,0,1,0,1,0,0,1
69.55,9,29.8811345124283,1,0,0,1,0,1,0,0,1
69.55,9,29.8811345124283,1,0,0,1,1,0,0,0,1
9.325,0,24.0,0,0,0,1,0,1,0,0,1
7.65,0,21.0,0,0,0,1,1,0,0,0,1
7.925,0,39.0,0,0,0,1,0,1,0,0,1
21.6792,0,29.8811345124283,2,1,0,0,0,1,0,0,1
21.6792,0,29.8811345124283,2,1,0,0,0,1,0,0,1
21.6792,0,29.8811345124283,2,1,0,0,0,1,0,0,1
16.7,1,1.0,1,0,0,1,1,0,0,0,1
16.7,2,24.0,0,0,0,1,1,0,0,0,1
16.7,1,4.0,1,0,0,1,1,0,0,0,1
9.5,0,25.0,0,0,0,1,0,1,0,0,1
8.05,0,20.0,0,0,0,1,0,1,0,0,1
8.05,0,24.5,0,0,0,1,0,1,0,0,1
7.725,0,29.8811345124283,0,0,1,0,0,1,0,0,1
7.8958,0,29.8811345124283,0,0,0,1,0,1,0,0,1
7.75,0,29.8811345124283,0,0,1,0,0,1,0,0,1
9.5,0,29.0,0,0,0,1,0,1,0,0,1
15.1,0,29.8811345124283,0,0,0,1,0,1,0,0,1
7.7792,0,29.8811345124283,0,0,1,0,1,0,0,0,1
8.05,0,29.8811345124283,0,0,0,1,0,1,0,0,1
8.05,0,29.8811345124283,0,0,0,1,0,1,0,0,1
7.2292,0,22.0,0,1,0,0,0,1,0,0,1
8.05,0,29.8811345124283,0,0,0,1,0,1,0,0,1
7.8958,0,40.0,0,0,0,1,0,1,0,0,1
7.925,0,21.0,0,0,0,1,0,1,0,0,1
7.4958,0,18.0,0,0,0,1,1,0,0,0,1
27.9,2,4.0,3,0,0,1,0,1,0,0,1
27.9,2,10.0,3,0,0,1,0,1,0,0,1
27.9,2,9.0,3,0,0,1,1,0,0,0,1
27.9,2,2.0,3,0,0,1,1,0,0,0,1
27.9,4,40.0,1,0,0,1,0,1,0,0,1
27.9,4,45.0,1,0,0,1,1,0,0,0,1
7.8958,0,29.8811345124283,0,0,0,1,0,1,0,0,1
8.05,0,29.8811345124283,0,0,0,1,0,1,0,0,1
8.6625,0,29.8811345124283,0,0,0,1,0,1,0,0,1
7.75,0,29.8811345124283,0,0,1,0,0,1,0,0,1
7.7333,0,29.8811345124283,0,0,1,0,1,0,0,0,1
7.65,0,19.0,0,0,0,1,0,1,0,0,1
8.05,0,30.0,0,0,0,1,0,1,0,0,1
8.05,0,29.8811345124283,0,0,0,1,0,1,0,0,1
8.05,0,32.0,0,0,0,1,0,1,0,0,1
7.8958,0,29.8811345124283,0,0,0,1,0,1,0,0,1
8.6625,0,33.0,0,1,0,0,0,1,0,0,1
7.55,0,23.0,0,0,0,1,1,0,0,0,1
8.05,0,21.0,0,0,0,1,0,1,0,0,1
33.29547928134572,0,60.5,0,0,0,1,0,1,0,0,1
7.8958,0,19.0,0,0,0,1,0,1,0,0,1
9.8375,0,22.0,0,0,0,1,1,0,0,0,1
7.925,0,31.0,0,0,0,1,0,1,0,0,1
8.6625,0,27.0,0,0,0,1,0,1,0,0,1
10.4625,1,2.0,0,0,0,1,1,0,0,0,1
10.4625,1,29.0,1,0,0,1,1,0,0,0,1
8.05,0,16.0,0,0,0,1,0,1,0,0,1
7.925,0,44.0,0,0,0,1,0,1,0,0,1
7.05,0,25.0,0,0,0,1,0,1,0,0,1
7.775,0,74.0,0,0,0,1,0,1,0,0,1
9.225,0,14.0,0,0,0,1,0,1,0,0,1
7.7958,0,24.0,0,0,0,1,0,1,0,0,1
7.7958,0,25.0,0,0,0,1,0,1,0,0,1
8.05,0,34.0,0,0,0,1,0,1,0,0,1
8.5167,1,0.4167,0,1,0,0,0,1,0,0,1
6.4375,0,29.8811345124283,1,1,0,0,0,1,0,0,1
6.4375,0,29.8811345124283,0,1,0,0,0,1,0,0,1
7.225,0,29.8811345124283,0,1,0,0,0,1,0,0,1
8.5167,1,16.0,1,1,0,0,1,0,0,0,1
8.05,0,29.8811345124283,0,0,0,1,0,1,0,0,1
16.1,0,29.8811345124283,1,0,0,1,0,1,0,0,1
16.1,0,29.8811345124283,1,0,0,1,1,0,0,0,1
7.925,0,32.0,0,0,0,1,0,1,0,0,1
7.75,0,29.8811345124283,0,0,1,0,0,1,0,0,1
7.8958,0,29.8811345124283,0,0,0,1,0,1,0,0,1
8.05,0,30.5,0,0,0,1,0,1,0,0,1
8.05,0,44.0,0,0,0,1,0,1,0,0,1
7.2292,0,29.8811345124283,0,1,0,0,0,1,0,0,1
0.0,0,25.0,0,0,0,1,0,1,0,0,1
7.2292,0,29.8811345124283,0,1,0,0,0,1,0,0,1
15.2458,1,7.0,1,1,0,0,0,1,0,0,1
15.2458,1,9.0,1,1,0,0,1,0,0,0,1
15.2458,2,29.0,0,1,0,0,1,0,0,0,1
7.8958,0,36.0,0,0,0,1,0,1,0,0,1
9.8417,0,18.0,0,0,0,1,1,0,0,0,1
9.5875,0,63.0,0,0,0,1,1,0,0,0,1
14.5,1,29.8811345124283,1,0,0,1,0,1,0,0,1
14.5,1,11.5,1,0,0,1,0,1,0,0,1
14.5,2,40.5,0,0,0,1,0,1,0,0,1
24.15,2,10.0,0,0,0,1,1,0,0,0,1
24.15,1,36.0,1,0,0,1,0,1,0,0,1
24.15,1,30.0,1,0,0,1,1,0,0,0,1
9.5,0,29.8811345124283,0,0,0,1,0,1,0,0,1
9.5,0,33.0,0,0,0,1,0,1,0,0,1
9.5,0,28.0,0,0,0,1,0,1,0,0,1
9.5,0,28.0,0,0,0,1,0,1,0,0,1
9.0,0,47.0,0,0,0,1,0,1,0,0,1
18.0,0,18.0,2,0,0,1,1,0,0,0,1
18.0,0,31.0,3,0,0,1,0,1,0,0,1
18.0,0,16.0,2,0,0,1,0,1,0,0,1
18.0,0,31.0,1,0,0,1,1,0,0,0,1
7.225,0,22.0,0,1,0,0,0,1,0,0,1
7.8542,0,20.0,0,0,0,1,0,1,0,0,1
7.8542,0,14.0,0,0,0,1,1,0,0,0,1
7.8958,0,22.0,0,0,0,1,0,1,0,0,1
9.0,0,22.0,0,0,0,1,0,1,0,0,1
8.05,0,29.8811345124283,0,0,0,1,0,1,0,0,1
7.55,0,29.8811345124283,0,0,0,1,0,1,0,0,1
8.05,0,29.8811345124283,0,0,0,1,0,1,0,0,1
9.5,0,32.5,0,0,0,1,0,1,0,0,1
7.2292,0,38.0,0,1,0,0,1,0,0,0,1
7.75,0,51.0,0,0,0,1,0,1,0,0,1
6.4958,0,18.0,1,0,0,1,0,1,0,0,1
6.4958,0,21.0,1,0,0,1,0,1,0,0,1
7.0,0,47.0,1,0,0,1,1,0,0,0,1
8.7125,0,29.8811345124283,0,0,0,1,0,1,0,0,1
7.55,0,29.8811345124283,0,0,0,1,0,1,0,0,1
8.05,0,29.8811345124283,0,0,0,1,0,1,0,0,1
16.1,0,28.5,0,0,0,1,0,1,0,0,1
7.25,0,21.0,0,0,0,1,0,1,0,0,1
8.6625,0,27.0,0,0,0,1,0,1,0,0,1
7.25,0,29.8811345124283,0,0,0,1,0,1,0,0,1
9.5,0,36.0,0,0,0,1,0,1,0,0,1
14.4542,0,27.0,1,1,0,0,0,1,0,0,1
14.4542,0,15.0,1,1,0,0,1,0,0,0,1
7.225,0,45.5,0,1,0,0,0,1,0,0,1
7.225,0,29.8811345124283,0,1,0,0,0,1,0,0,1
14.4583,0,29.8811345124283,0,1,0,0,0,1,0,0,1
14.4542,0,14.5,1,1,0,0,1,0,0,0,1
14.4542,0,29.8811345124283,1,1,0,0,1,0,0,0,1
7.225,0,26.5,0,1,0,0,0,1,0,0,1
7.225,0,27.0,0,1,0,0,0,1,0,0,1
7.875,0,29.0,0,0,0,1,0,1,0,0,1
